email,first_name,instagram_username,instagram_url,followers,bio,website
liltoddlermeals1@gmail.com,Brandi,liltoddlermeals,https://www.instagram.com/liltoddlermeals/,90984,"SAHM of 3 🤍 (5 + 2 yo twins)
realistic motherhood • food • homeschool
creator + UGC | embracing the chaos
liltoddlermeals1@gmail.com 💌",https://linktr.ee/liltoddlermeals
,Jessica,toddlermealideasblog,https://www.instagram.com/toddlermealideasblog/,22683,"Lunch is my jam 🙌🏼
Realistic toddler meals from a mom of 3 🥑
Mom life @pineconesandpacifiers
#toddlermeals #toddlermealideas
More toddler food 👇🏻",http://toddlermealideas.com/
jensnomz@gmail.com,Jen,jensnomz,https://www.instagram.com/jensnomz/,14731,"🤰🏻 First-time mama-to-be | 🍴baby nomz
🫧 Sharing the fun & in the moment reactions
📍 Dallas, TX
💌 jensnomz@gmail.com",
ask@baby-sleep.ru,КОНСУЛЬТАНТ,baby_sleep.ru,https://www.instagram.com/baby_sleep.ru/,84964,"Команда специалистов по сну🩵
>15 лет делаем ночи спокойными
Бережно наладим сон 💤 
Консультация по детскому сну👇🏻",https://baby-sleep.ru/anketa/?gcpc=e2278&utm_source=instagram&utm_medium=baby-sleep_ru&utm_campaign=anketa&utm_content=taplink
,Certified,babysleep.in,https://www.instagram.com/babysleep.in/,58474,"▪️CONNECTED MOTHERHOOD
▪️Online baby sleep programs
▪️No-Cry sleep solution
▪️8 years experience, 14k happy families
🤍 @babysleep.in_organicbabycare",https://babysleep.in
