username,full_name,email,followers,engagement_rate,biography,external_url,profile_url,niche,filter_reason
sweetslumbertime,Meredith | Creator of the Baby-Centered™ Sleep Methods,,4326,0.0,💤 Expertise for Sensitive & Spirited Littles 🥱 Responsive Methods 👏🏼 Powerful Coaching for Parents & Sleep Consultants ⬇️ Podcast ⬇️ @meredithkbrough,https://www.babycenteredsleep.com/lin-in-bio,https://www.instagram.com/sweetslumbertime/,Parenting Early Childhood,followers<10000
reallittlemeals,Ashley Stewart| Toddler Meal Ideas,,1284939,0.0,"Realistic meals for toddlers, kids, and the whole fam 💗
Getting nutrients into picky eaters 💪 
Recipes you will actually use! ⬇️",https://www.reallittlemeals.com/instagram,https://www.instagram.com/reallittlemeals/,Parenting Early Childhood,followers>100000
leahvidaurre,Leah Vidaurre | Toddler Activities & Meals,,118134,0.0,"Making mom life easier.
🥣 Easy toddler meals + low-prep play
💡 Ideas for when you don’t want to think
👇 My most-used toddler ideas",https://beacons.ai/leahvidaurre,https://www.instagram.com/leahvidaurre/,Parenting Early Childhood,followers>100000
eatwell.withlex,Alexi McIntosh - Family & Toddler Meals,info@eatwellwithlex.com,361901,0.0,"Mom of 2 👧🏽🎀 | Real meals for toddlers + busy families
✨Helping you feed your kids without the stress 
📍DC",https://linktr.ee/Eatwell.withlex,https://www.instagram.com/eatwell.withlex/,Parenting Early Childhood,followers>100000
toddlermeals,Toddler Meals👧🏻🥣,,6992,0.0,"💗Full-Time working momma of 1
🥗Mostly organic toddler meals
🍽Adventures of feeding a toddler",,https://www.instagram.com/toddlermeals/,Parenting Early Childhood,followers<10000
mealswithbaby,Meals With Baby · Baby & Toddler Meals and Recipes,,113528,0.0,"🍽️ Baby & toddler meals and recipes
🙋🏻‍♀️ Mom of two littles (1yo & 3yo)
🌱 BLW, picky eating, mom life
Shop my favorites 👇🏻",http://mealswithbaby.com/links,https://www.instagram.com/mealswithbaby/,Parenting Early Childhood,followers>100000
easytoddlermeals,Charisse Yu,,1767,0.0,I've moved! If you're looking for Charisse find me at @charisse.yu,http://www.charisseyu.com/,https://www.instagram.com/easytoddlermeals/,Parenting Early Childhood,followers<10000
kidfriendly.meals,Min Kwon • Baby and Toddler Recipes,,2025168,0.0,"🙋🏻‍♀️🇰🇷Pediatric Dietitian mom
Helping families feed babies & toddlers with ease
Baby-led weaning • picky eating • healthy family meals ⬇️",https://kidfriendlymeals.com/,https://www.instagram.com/kidfriendly.meals/,Parenting Early Childhood,followers>100000
babyledweanteam,"Baby-Led Weaning with Katie Ferraro, MPH, RDN",support@babyledweaning.co,500952,0.0,"🌱 Dietitian, nutrition professor, mom of 7
💯 Original 100 FIRST FOODS™️ Program
💌 DM me 𝐁𝐋𝐖𝐒𝐓𝐀𝐑𝐓 to start
👇 Free BLW Masterclass + #100firstfoods list",https://babyledweaning.co/pages/free-masterclass?utm_source=instagram&utm_medium=link_in_bio&utm_campaign=masterclass,https://www.instagram.com/babyledweanteam/,Parenting Early Childhood,followers>100000
rebeccawilsonfood,Rebecca Wilson | Baby Led Weaning,help@geni.us,499254,0.0,"WHAT MUMMY MAKES 
Baby led weaning + Family food recipes
7 x best selling cookbooks 📚🙏🏼
Cook once to feed your whole family from 6months",https://geni.us/Easyweaning,https://www.instagram.com/rebeccawilsonfood/,Parenting Early Childhood,followers>100000
babyledweaningideas,Rachael Tucker,,113267,0.0,"👶🏼 Baby led weaning recipes 6 months+
📖 Author of 2 dietitian approved blw e-books👇🏻with recipes",https://linktr.ee/babyledweaningideas,https://www.instagram.com/babyledweaningideas/,Parenting Early Childhood,followers>100000
101beforeone,101beforeone | Starting Solids | Baby Led Weaning,,460087,0.0,"🍽️ Start baby led feeding with family meals 6+ months 
👩‍⚕️ Pediatric dietitian, allergist, SLP & doctors
🎉 Join 100k+ parents👇Printed Book 📒+ App 📲",https://bit.ly/101beforeonebook,https://www.instagram.com/101beforeone/,Parenting Early Childhood,followers>100000
babiesfeedingbabies,Molli Fowler -Baby Led Weaning,info@babiesfeedingbabies.com,160693,0.0,"Registered Dietitian Nutritionist 🍐❤️
Prevent picky eating & feed your baby with confidence 💪
MEAL PLANS and FOOD GUIDES👇",http://babiesfeedingbabies.com/,https://www.instagram.com/babiesfeedingbabies/,Parenting Early Childhood,followers>100000
solidstarts,Solid Starts,,4335073,0.0,"Start Solids with Confidence!
🍓Baby-led weaning from pediatric pros
🥑Safely introduce real food to baby
📲Award-winning app trusted by 6M+ parents",https://solidstarts.go.link/instagram-link-in-bio,https://www.instagram.com/solidstarts/,Parenting Early Childhood,followers>100000
feedinglittles,Feeding Littles - Baby-led Weaning and Picky Eating Help,app@feedinglittles.com,1890934,0.0,"🥑 I want you to enjoy mealtime with your kids
👋 Megan, pediatric dietitian + mom
📚 Bestselling books, courses & school lunch inspo
📱 Free recipe app👇",https://linktr.ee/feedinglittles,https://www.instagram.com/feedinglittles/,Parenting Early Childhood,followers>100000
firsttimemom.co,First Time Mom | Growing alongside my daughter,,9791,0.0,"📚 Science-based parenting — from newborn & beyond
😴 Sleep consultant  💪 Postpartum fitness trainer",https://first-time-mom.com/links,https://www.instagram.com/firsttimemom.co/,Parenting Early Childhood,followers<10000
firsttimemom.official,Arpita Axay Pithava,,528185,0.0,"Certified Parent Educator | Counselor 
Helping Parents with Practical Solutions",https://linktr.ee/firsttimemomofficial,https://www.instagram.com/firsttimemom.official/,Parenting Early Childhood,followers>100000
firsttimemomsacademy,FTMA | Maternal Wellbeing Platform,firsttimemomsacademy01@gmail.com,3392,0.0,"📌 Est. May 2017
📌Supporting first-time moms from pregnancy to motherhood 
📌 Guidance ▪️Community 
📌 Join FTMA by clicking on the link below 👇",https://firsttimemomsacademy.com/,https://www.instagram.com/firsttimemomsacademy/,Parenting Early Childhood,followers<10000
firsttimemoms,,,387,0.0,"Dedicated to all the first time mothers. Also, some beauty tips, staying fit postpartum and couponing. JUDGEMENT FREE ZONE.",,https://www.instagram.com/firsttimemoms/,Parenting Early Childhood,followers<10000
first.time.mom,First Time Mom,,1614,0.0,"Hi, I'm Mache👋
Student Doula and reproductive health nerd 🤓 
Mama to 3 🧒👧🏼👶
Bilingüe🇨🇴
📽 YouTube content creator
📍Houston, TX",https://youtu.be/BR-AS-cKtRM,https://www.instagram.com/first.time.mom/,Parenting Early Childhood,followers<10000
rebecca_firsttimemom,Rebecca | First Time Mom 🤍,rebecca@ezel.co,4272,0.0,"Real life first time mom content!
wife|mom|nurse
💌: rebecca@ezel.co
New York",https://www.tiktok.com/@rebecca_newmom?_t=ZP-8xAxdz5DHLy&_r=1,https://www.instagram.com/rebecca_firsttimemom/,Parenting Early Childhood,followers<10000
babysleep.answers,M. Andrea de la Torre | Sleep Consultant,,114952,0.0,"Mom of 👦 👦 👧 
Helping your baby sleep with a dash of humor 
⬇️ courses, consultations, and blog posts. Fighting brain cancer 🧠🎗️",https://www.babysleepanswers.com/sleepcourses,https://www.instagram.com/babysleep.answers/,Parenting Early Childhood,followers>100000
babysleeptrain_,Babysleep,,2393,0.0,"✨10+ Years of Hands-On Experience✨
❤️15,000+ Babies Sleeping Worldwide
👶🏻Online Courses | Newborn - 3.5 Years
4 Free Tips (That Work) 👇🏻",,https://www.instagram.com/babysleeptrain_/,Parenting Early Childhood,followers<10000
babysleepmaven,Baby and Toddler Sleep | Riki + Team,,29025,0.0,"Responsive sleep support (no CIO or Ferber)
Safer bedsharing
2,736 families supported 
🌟FREE SLEEP GUIDES 👇🏻",https://stan.store/babysleepmaven,https://www.instagram.com/babysleepmaven/,Parenting Early Childhood,url_monetized:stan.store
babysleepsite,The Baby Sleep Site®,,7785,0.0,"* 15+ Years Experience
* 500+ Free Blog Articles
* Holistic, Gentler, Kinder Approach to Better Baby Sleep
* Personalized Sleep Plans®",https://www.babysleepsite.com/free-baby-sleep-books/,https://www.instagram.com/babysleepsite/,Parenting Early Childhood,followers<10000
